"month_sk","month_name","month","quarter","year","effective_date","expiry_date"
2232,"January  ",1,1,2011,"0001-01-01","9999-12-31"
2233,"February ",2,1,2011,"0001-01-01","9999-12-31"
2238,"March    ",3,1,2011,"0001-01-01","9999-12-31"
2231,"April    ",4,2,2011,"0001-01-01","9999-12-31"
2239,"May      ",5,2,2011,"0001-01-01","9999-12-31"
2235,"June     ",6,2,2011,"0001-01-01","9999-12-31"
2237,"July     ",7,3,2011,"0001-01-01","9999-12-31"
2230,"August   ",8,3,2011,"0001-01-01","9999-12-31"
2234,"September",9,3,2011,"0001-01-01","9999-12-31"
2236,"October  ",10,4,2011,"0001-01-01","9999-12-31"
2229,"November ",11,4,2011,"0001-01-01","9999-12-31"
2240,"December ",12,4,2011,"0001-01-01","9999-12-31"
